{"schemaVersion":"1.0","appDefinitionTemplate":{"id":"/providers/Microsoft.PowerApps/apps/","type":"Microsoft.PowerApps/apps","tags":{"primaryDeviceWidth":"1366","primaryDeviceHeight":"768","sienaVersion":"d788eddb-68f9-4519-8d77-b1f16aeb1b73","deviceCapabilities":"","supportsPortrait":"true","supportsLandscape":"true","primaryFormFactor":"Tablet","publisherVersion":"3.22021.27","minimumRequiredApiVersion":"2.2.0","hasComponent":"true","hasUnlockedComponent":"true","isUnifiedRootApp":"false"},"properties":{"appVersion":"2022-02-20T23:15:56Z","lifeCycleId":"Published","createdByClientVersion":{"major":3,"minor":22021,"build":27,"revision":0,"majorRevision":0,"minorRevision":0},"minClientVersion":{"major":3,"minor":22021,"build":27,"revision":0,"majorRevision":0,"minorRevision":0},"backgroundColor":"RGBA(0,176,240,1)","backgroundImageUri":"/655434969868155428/Nf55519cc-e425-4b16-953d-a6ee75593d8a-logoSmallFile","displayName":"PowerComponents Desktop","description":"","commitMessage":"","appUris":{"documentUri":{"value":"/655434969868155428/N7b2beede-7e73-46bb-a842-0d40e5ca9b34-document.msapp"},"imageUris":[]},"createdTime":"0001-01-01T00:00:00Z","lastModifiedTime":"0001-01-01T00:00:00Z","sharedGroupsCount":0,"sharedUsersCount":0,"icons":{"smallIconUri":"/655434969868155428/N611e8127-41c6-4ac1-8021-dcb0866f254b-small.png","mediumIconUri":"/655434969868155428/N17d30c68-6f34-44a1-9d55-a2b6f3b0b38b-medium.png","largeIconUri":"/655434969868155428/Nf8555279-2971-46df-990f-94eadbf9d1a7-large.png","wideIconUri":"/655434969868155428/Nbd78bbeb-6f1c-4e49-952b-90f5aa3d416e-wide.png"},"connectionReferences":{},"databaseReferences":{},"almMode":"Environment","performanceOptimizationEnabled":true,"canConsumeAppPass":true,"executionRestrictions":{"isTeamsOnly":false,"dataLossPreventionEvaluationResult":{"status":"Compliant","lastEvaluationDate":"2022-02-20T22:51:59.3694898Z","violations":[],"violationsByPolicy":[],"violationErrorMessage":"The app uses the following connectors: ."}}},"appType":"ClassicCanvasApp","appComponents":[]}}