{"schemaVersion":"1.0","appDefinitionTemplate":{"id":"/providers/Microsoft.PowerApps/apps/","type":"Microsoft.PowerApps/apps","tags":{"primaryDeviceWidth":"1366","primaryDeviceHeight":"768","sienaVersion":"c46f1a7a-ab67-4340-9099-cdcd7236a20e","deviceCapabilities":"","supportsPortrait":"false","supportsLandscape":"true","primaryFormFactor":"Tablet","publisherVersion":"3.22082.8","minimumRequiredApiVersion":"2.2.0","hasComponent":"false","hasUnlockedComponent":"false","isUnifiedRootApp":"false"},"properties":{"appVersion":"2022-08-19T17:42:13Z","lifeCycleId":"Published","createdByClientVersion":{"major":3,"minor":22082,"build":8,"revision":0,"majorRevision":0,"minorRevision":0},"minClientVersion":{"major":3,"minor":22082,"build":8,"revision":0,"majorRevision":0,"minorRevision":0},"backgroundColor":"rgba(165, 34, 55, 1)","backgroundImageUri":"/3905904926219309944/Naf329b65-cd16-468c-95bf-ec44aad41a3e-logoSmallFile","displayName":"SVG Demo","description":"","commitMessage":"","appUris":{"documentUri":{"value":"/3905904926219309944/Nf3758398-a633-4f79-81fa-d9ee37ab2440-document.msapp"},"imageUris":[],"additionalUris":[]},"createdTime":"0001-01-01T00:00:00Z","lastModifiedTime":"0001-01-01T00:00:00Z","sharedGroupsCount":0,"sharedUsersCount":0,"icons":{"smallIconUri":"/3905904926219309944/N45fec8aa-2093-4b11-9aba-8fc9e87bafc9-small.png","mediumIconUri":"/3905904926219309944/N79002d17-6fcb-4215-8762-8f54b02111a7-medium.png","largeIconUri":"/3905904926219309944/N0d71b4a6-e954-432a-b06a-355962af20c3-large.png","wideIconUri":"/3905904926219309944/Nff2bbe15-61a0-445d-bb70-9932b53ff707-wide.png"},"connectionReferences":{},"databaseReferences":{},"almMode":"Environment","performanceOptimizationEnabled":true,"canConsumeAppPass":true,"enableModernRuntimeMode":false,"executionRestrictions":{"isTeamsOnly":false,"dataLossPreventionEvaluationResult":{"status":"Compliant","lastEvaluationDate":"2020-12-10T23:43:35.6903387Z","violationDetails":[]}}},"appType":"ClassicCanvasApp","appComponents":[]}}