{"name":"44b12f1b-d2d4-4dda-8dba-86a290cb845f","id":"/providers/Microsoft.Flow/flows/44b12f1b-d2d4-4dda-8dba-86a290cb845f","type":"Microsoft.Flow/flows","properties":{"apiId":"/providers/Microsoft.PowerApps/apis/shared_logicflows","displayName":"Get data from Flow","definition":{"metadata":{"workflowEntityId":null,"processAdvisorMetadata":null,"flowclientsuspensionreason":"None","flowclientsuspensiontime":null,"creator":{"id":"925c608f-ce29-4bed-8561-b94b148352bb","type":"User","tenantId":"fd037fe3-7027-49ab-9f4b-7a41e58066e9"},"provisioningMethod":"FromDefinition","failureAlertSubscription":true,"clientLastModifiedTime":"2022-03-27T21:55:43.9678434Z"},"$schema":"https://schema.management.azure.com/providers/Microsoft.Logic/schemas/2016-06-01/workflowdefinition.json#","contentVersion":"1.0.0.0","parameters":{"$authentication":{"defaultValue":{},"type":"SecureObject"}},"triggers":{"manual":{"metadata":{"operationMetadataId":"6a882d66-02e9-4061-b97f-4e06bb2c7713"},"type":"Request","kind":"PowerApp","inputs":{"schema":{"type":"object","properties":{},"required":[]}}}},"actions":{"HTTP":{"runAfter":{},"metadata":{"operationMetadataId":"7fa98ace-b1dd-4f94-9f64-ba049a26d894"},"type":"Http","inputs":{"method":"POST","uri":"https://prod-03.westeurope.logic.azure.com:443/workflows/272bf15a4b6c4dc2a20ac987d95d1a33/triggers/manual/paths/invoke?api-version=2016-06-01&sp=%2Ftriggers%2Fmanual%2Frun&sv=1.0&sig=pUEqhYee4FiL4ZlSGXRD3UzNYnMM3jwyGam3wPplXx8"}},"Respond_to_a_PowerApp_or_flow":{"runAfter":{"HTTP":["Succeeded"]},"metadata":{"operationMetadataId":"9d0d79a0-fb7d-4da1-bea7-2965e48214dc"},"type":"Response","kind":"PowerApp","inputs":{"statusCode":200,"body":{"data":"@{join(body('HTTP'), ';')}"},"schema":{"type":"object","properties":{"data":{"title":"data","x-ms-dynamically-added":true,"type":"string"}}}}}}},"connectionReferences":{},"flowFailureAlertSubscribed":false}}