{"schemaVersion":"1.0","appDefinitionTemplate":{"id":"/providers/Microsoft.PowerApps/apps/","type":"Microsoft.PowerApps/apps","tags":{"primaryDeviceWidth":"640","primaryDeviceHeight":"1136","sienaVersion":"20220220T224744Z-3.22021.27.0","deviceCapabilities":"","supportsPortrait":"true","supportsLandscape":"true","primaryFormFactor":"Phone","publisherVersion":"3.22021.27","minimumRequiredApiVersion":"2.2.0","hasComponent":"true","hasUnlockedComponent":"true","isUnifiedRootApp":"false"},"properties":{"appVersion":"2022-02-20T22:47:44Z","lifeCycleId":"Published","createdByClientVersion":{"major":3,"minor":22021,"build":27,"revision":0,"majorRevision":0,"minorRevision":0},"minClientVersion":{"major":3,"minor":22021,"build":27,"revision":0,"majorRevision":0,"minorRevision":0},"backgroundColor":"RGBA(0,176,240,1)","backgroundImageUri":"/6224865093092360537/Nf2347933-9d18-44e7-9e25-ef72e1294182-logoSmallFile","displayName":"PowerComponents","description":"","commitMessage":"","appUris":{"documentUri":{"value":"/6224865093092360537/Ne04dc5db-977d-48a9-8a78-9700f8ff4f32-document.msapp"},"imageUris":[]},"createdTime":"0001-01-01T00:00:00Z","lastModifiedTime":"0001-01-01T00:00:00Z","sharedGroupsCount":0,"sharedUsersCount":0,"icons":{"smallIconUri":"/6224865093092360537/Ncf8edfcb-6eab-42d9-a5e5-674f7c6e247c-small.png","mediumIconUri":"/6224865093092360537/Nb680bfe7-39e3-4783-8cd8-230862a0a846-medium.png","largeIconUri":"/6224865093092360537/N1d6e6515-808b-49ab-a026-69321a5426eb-large.png","wideIconUri":"/6224865093092360537/N61db2cd9-2883-4d46-9db7-bed0644446c4-wide.png"},"connectionReferences":{},"databaseReferences":{},"almMode":"Environment","performanceOptimizationEnabled":true,"canConsumeAppPass":true,"executionRestrictions":{"isTeamsOnly":false,"dataLossPreventionEvaluationResult":{"status":"Compliant","lastEvaluationDate":"2022-02-20T22:47:59.572577Z","violations":[],"violationsByPolicy":[],"violationErrorMessage":"The app uses the following connectors: ."}}},"appType":"ClassicCanvasApp","appComponents":[]}}