{"name":"6975bb23-aaaf-49e9-acce-80fea5999714","id":"/providers/Microsoft.Flow/flows/6975bb23-aaaf-49e9-acce-80fea5999714","type":"Microsoft.Flow/flows","properties":{"apiId":"/providers/Microsoft.PowerApps/apis/shared_logicflows","displayName":"Delegation helper","definition":{"metadata":{"workflowEntityId":null,"processAdvisorMetadata":null,"flowclientsuspensionreason":"None","flowclientsuspensiontime":null,"creator":{"id":"929ce39b-16a7-47a5-b8bf-dc2b7bfdd0b1","type":"User","tenantId":"fdc90c70-0811-412c-8551-e5706c9b92da"},"provisioningMethod":"FromDefinition","failureAlertSubscription":true,"clientLastModifiedTime":"2022-02-28T00:28:34.0189817Z"},"$schema":"https://schema.management.azure.com/providers/Microsoft.Logic/schemas/2016-06-01/workflowdefinition.json#","contentVersion":"1.0.0.0","parameters":{"$connections":{"defaultValue":{},"type":"Object"},"$authentication":{"defaultValue":{},"type":"SecureObject"}},"triggers":{"manual":{"metadata":{"operationMetadataId":"acb9b524-cb2d-4ea2-b147-e4751b41e9f0"},"type":"Request","kind":"PowerApp","inputs":{"schema":{"type":"object","properties":{},"required":[]}}}},"actions":{"Respond_to_a_PowerApp_or_flow":{"runAfter":{"Join":["Succeeded"]},"metadata":{"operationMetadataId":"0b0509a8-ed88-4e94-a1c9-96690771efa9"},"type":"Response","kind":"PowerApp","inputs":{"statusCode":200,"body":{"data":"@body('Join')"},"schema":{"type":"object","properties":{"data":{"title":"data","x-ms-dynamically-added":true,"type":"string"}}}}},"Join":{"runAfter":{"Select":["Succeeded"]},"metadata":{"operationMetadataId":"b56bd171-e72c-4921-88f5-5209f46700d0"},"type":"Join","inputs":{"from":"@body('Select')","joinWith":";"}},"Send_an_HTTP_request_to_SharePoint":{"runAfter":{},"metadata":{"operationMetadataId":"6dffc000-2308-42df-8bf4-6039f65f4b36"},"type":"OpenApiConnection","inputs":{"host":{"apiId":"/providers/Microsoft.PowerApps/apis/shared_sharepointonline","connectionName":"shared_sharepointonline","operationId":"HttpRequest"},"parameters":{"dataset":"https://powernimbus.sharepoint.com/sites/Production","parameters/method":"GET","parameters/uri":"_api/web/lists/GetByTitle('Speed test')/items?$select=Title&$top=3000","parameters/headers":{"accept":"application/json","odata":"nometadata"}},"authentication":{"value":"@json(decodeBase64(triggerOutputs().headers['X-MS-APIM-Tokens']))['$ConnectionKey']","type":"Raw"}}},"Parse_JSON":{"runAfter":{"Send_an_HTTP_request_to_SharePoint":["Succeeded"]},"metadata":{"operationMetadataId":"c3139840-35da-45e1-b103-8288621a6bc7"},"type":"ParseJson","inputs":{"content":"@outputs('Send_an_HTTP_request_to_SharePoint')?['body']","schema":{"type":"object","properties":{"odata.metadata":{"type":"string"},"value":{"type":"array","items":{"type":"object","properties":{"odata.type":{"type":"string"},"odata.id":{"type":"string"},"odata.etag":{"type":"string"},"odata.editLink":{"type":"string"},"Title":{"type":"string"}},"required":["odata.type","odata.id","odata.etag","odata.editLink","Title"]}}}}}},"Select":{"runAfter":{"Parse_JSON":["Succeeded"]},"metadata":{"operationMetadataId":"bddc0d12-c32f-4447-bda6-e2a99f2f02d7"},"type":"Select","inputs":{"from":"@body('Parse_JSON')?['value']","select":{"Name":"@item()?['Title']"}}}}},"connectionReferences":{"shared_sharepointonline":{"connectionName":"443ff876b5b3487e893d853c723c2ace","source":"Invoker","id":"/providers/Microsoft.PowerApps/apis/shared_sharepointonline","tier":"NotSpecified"}},"flowFailureAlertSubscribed":false}}