{"name":"73351257-a45c-4f30-8d3d-49e632152803","id":"/providers/Microsoft.Flow/flows/73351257-a45c-4f30-8d3d-49e632152803","type":"Microsoft.Flow/flows","properties":{"apiId":"/providers/Microsoft.PowerApps/apis/shared_logicflows","displayName":"Close Quote","definition":{"metadata":{"workflowEntityId":null,"processAdvisorMetadata":null,"flowclientsuspensionreason":"NeverTriggeringDetected","flowclientsuspensiontime":"2022-02-08T22:29:28.6736094Z","creator":{"id":"925c608f-ce29-4bed-8561-b94b148352bb","type":"User","tenantId":"fd037fe3-7027-49ab-9f4b-7a41e58066e9"},"provisioningMethod":"FromDefinition","failureAlertSubscription":true,"clientLastModifiedTime":"2022-02-08T22:29:28.6736094Z"},"$schema":"https://schema.management.azure.com/providers/Microsoft.Logic/schemas/2016-06-01/workflowdefinition.json#","contentVersion":"1.0.0.0","parameters":{"$connections":{"defaultValue":{},"type":"Object"},"$authentication":{"defaultValue":{},"type":"SecureObject"}},"triggers":{"manual":{"splitOn":"@triggerBody()['rows']","metadata":{"operationMetadataId":"8c25dfd1-51e6-4e22-93e3-b06d837b5a08"},"type":"Request","kind":"ApiConnection","inputs":{"schema":{"type":"object","properties":{"rows":{"type":"array","items":{"type":"object","properties":{"entity":{"type":"object","properties":{"ID":{"title":"ID","type":"integer","format":"int64"}},"required":["ID"]}},"required":["entity"]}}},"required":["rows"]},"host":{"connection":{"name":"@parameters('$connections')['shared_sharepointonline']['connectionId']"},"api":{"runtimeUrl":"https://europe-002.azure-apim.net/apim/sharepointonline"}},"operationId":"ForASelectedFileHybridTrigger","parameters":{"dataset":"https://ampicurrents.sharepoint.com/","table":"d902236d-ebde-4a82-afce-e4b37ffd7f08"}}}},"actions":{"Get_file_properties":{"runAfter":{},"metadata":{"operationMetadataId":"b46c7fab-34e8-48f3-880c-04308ce27261"},"type":"OpenApiConnection","inputs":{"host":{"apiId":"/providers/Microsoft.PowerApps/apis/shared_sharepointonline","connectionName":"shared_sharepointonline","operationId":"GetFileItem"},"parameters":{"dataset":"https://ampicurrents.sharepoint.com/","table":"d902236d-ebde-4a82-afce-e4b37ffd7f08","id":"@triggerBody()?['entity']?['ID']"},"authentication":{"value":"@json(decodeBase64(triggerOutputs().headers['X-MS-APIM-Tokens']))['$ConnectionKey']","type":"Raw"}}},"Get_file_content":{"runAfter":{"PDF_filename":["Succeeded"]},"metadata":{"operationMetadataId":"8d78244d-630c-4e51-90b6-f0239e2d1cb6"},"type":"OpenApiConnection","inputs":{"host":{"apiId":"/providers/Microsoft.PowerApps/apis/shared_sharepointonline","connectionName":"shared_sharepointonline","operationId":"GetFileContent"},"parameters":{"dataset":"https://ampicurrents.sharepoint.com/","id":"@outputs('Get_file_properties')?['body/{Identifier}']","inferContentType":true},"authentication":{"value":"@json(decodeBase64(triggerOutputs().headers['X-MS-APIM-Tokens']))['$ConnectionKey']","type":"Raw"}}},"Create_file":{"runAfter":{"Get_file_content":["Succeeded"]},"metadata":{"operationMetadataId":"fc186a6b-987b-416b-8b07-b70c499ef279"},"type":"OpenApiConnection","inputs":{"host":{"apiId":"/providers/Microsoft.PowerApps/apis/shared_onedriveforbusiness","connectionName":"shared_onedriveforbusiness","operationId":"CreateFile"},"parameters":{"folderPath":"/","name":"@concat(ticks(utcNow()), '.docx')","body":"@outputs('Get_file_content')?['body']"},"authentication":{"value":"@json(decodeBase64(triggerOutputs().headers['X-MS-APIM-Tokens']))['$ConnectionKey']","type":"Raw"}},"runtimeConfiguration":{"contentTransfer":{"transferMode":"Chunked"}}},"Convert_file":{"runAfter":{"Create_file":["Succeeded"]},"metadata":{"operationMetadataId":"820ab39c-a01e-4500-9a79-b2730f2e9b2b"},"type":"OpenApiConnection","inputs":{"host":{"apiId":"/providers/Microsoft.PowerApps/apis/shared_onedriveforbusiness","connectionName":"shared_onedriveforbusiness","operationId":"ConvertFile"},"parameters":{"id":"@outputs('Create_file')?['body/Id']","type":"PDF"},"authentication":{"value":"@json(decodeBase64(triggerOutputs().headers['X-MS-APIM-Tokens']))['$ConnectionKey']","type":"Raw"}}},"Update_file_properties":{"runAfter":{"Create_PDF_file":["Succeeded"]},"metadata":{"operationMetadataId":"1f249449-727f-4abf-a923-ff7edc13c1e9"},"type":"OpenApiConnection","inputs":{"host":{"apiId":"/providers/Microsoft.PowerApps/apis/shared_sharepointonline","connectionName":"shared_sharepointonline","operationId":"PatchFileItem"},"parameters":{"dataset":"https://ampicurrents.sharepoint.com/","table":"d902236d-ebde-4a82-afce-e4b37ffd7f08","id":"@outputs('Create_PDF_file')?['body/ItemId']","item/Quotenumber":"@outputs('Get_file_properties')?['body/Quotenumber']","item/Department/Value":"@outputs('Get_file_properties')?['body/Department/Value']","item/FiscalYear":"@outputs('Get_file_properties')?['body/FiscalYear']","item/Amount":"@outputs('Get_file_properties')?['body/Amount']"},"authentication":{"value":"@json(decodeBase64(triggerOutputs().headers['X-MS-APIM-Tokens']))['$ConnectionKey']","type":"Raw"}}},"Delete_file":{"runAfter":{"Convert_file":["Succeeded"]},"metadata":{"operationMetadataId":"7ca525d0-9346-437c-bb3c-26a499a5005e"},"type":"OpenApiConnection","inputs":{"host":{"apiId":"/providers/Microsoft.PowerApps/apis/shared_onedriveforbusiness","connectionName":"shared_onedriveforbusiness","operationId":"DeleteFile"},"parameters":{"id":"@outputs('Create_file')?['body/Id']"},"authentication":{"value":"@json(decodeBase64(triggerOutputs().headers['X-MS-APIM-Tokens']))['$ConnectionKey']","type":"Raw"}}},"PDF_filename":{"runAfter":{"Get_file_properties":["Succeeded"]},"metadata":{"operationMetadataId":"b937e3e0-2d75-4fb3-949a-92498e031c54"},"type":"Compose","inputs":"@replace(triggerBody()?['entity']?['fileName'], '.docx', '.pdf')"},"Check_the_amount":{"actions":{"Post_a_message_to_Finance":{"runAfter":{},"metadata":{"operationMetadataId":"dfade105-d2d9-4783-aa90-819f89e311b1"},"type":"OpenApiConnection","inputs":{"host":{"apiId":"/providers/Microsoft.PowerApps/apis/shared_teams","connectionName":"shared_teams","operationId":"PostMessageToConversation"},"parameters":{"poster":"Flow bot","location":"Channel","body/recipient/groupId":"749a1e4f-19ef-4706-b09f-b326ffef12cc","body/recipient/channelId":"19:79339c0b57ae4261ad76105b16b49f1f@thread.tacv2","body/messageBody":"<p><span style=\"font-size: 18px\"><strong>Quote notification</strong></span><br>\n<br>\nThe quote with the number<strong> </strong><strong>@{outputs('Get_file_properties')?['body/Quotenumber']}</strong><strong> </strong>is over $100,000.<br>\n<br>\nThe registered amount is:<strong> </strong><strong>@{outputs('Get_file_properties')?['body/Amount']}</strong><strong></strong></p>"},"authentication":{"value":"@json(decodeBase64(triggerOutputs().headers['X-MS-APIM-Tokens']))['$ConnectionKey']","type":"Raw"}}}},"runAfter":{"Update_file_properties":["Succeeded"]},"expression":{"greater":["@outputs('Get_file_properties')?['body/Amount']",100000]},"metadata":{"operationMetadataId":"2b117267-0a3d-4c15-bc2a-e5e57fd73617"},"type":"If"},"Check_for_existing_file":{"actions":{"Delete_PDF_file":{"runAfter":{"Get_file_metadata_using_path":["Succeeded","Failed"]},"metadata":{"operationMetadataId":"9c99d44a-8aed-4839-a1fd-d830af255427"},"type":"OpenApiConnection","inputs":{"host":{"apiId":"/providers/Microsoft.PowerApps/apis/shared_sharepointonline","connectionName":"shared_sharepointonline","operationId":"DeleteFile"},"parameters":{"dataset":"https://ampicurrents.sharepoint.com/","id":"@outputs('Get_file_metadata_using_path')?['body/Id']"},"authentication":{"value":"@json(decodeBase64(triggerOutputs().headers['X-MS-APIM-Tokens']))['$ConnectionKey']","type":"Raw"}}},"Get_file_metadata_using_path":{"runAfter":{},"metadata":{"operationMetadataId":"162e260f-227c-4c74-9964-f8be4514d1c1"},"type":"OpenApiConnection","inputs":{"host":{"apiId":"/providers/Microsoft.PowerApps/apis/shared_sharepointonline","connectionName":"shared_sharepointonline","operationId":"GetFileMetadataByPath"},"parameters":{"dataset":"https://ampicurrents.sharepoint.com/","path":"/Quotes/@{outputs('PDF_filename')}"},"authentication":{"value":"@json(decodeBase64(triggerOutputs().headers['X-MS-APIM-Tokens']))['$ConnectionKey']","type":"Raw"}}}},"runAfter":{"Delete_file":["Succeeded"]},"metadata":{"operationMetadataId":"625444b3-c617-495b-bf13-790eec62627e"},"type":"Scope"},"Create_PDF_file":{"runAfter":{"Check_for_existing_file":["Succeeded","Failed"]},"metadata":{"operationMetadataId":"93c69d99-20ac-4968-87e2-7f45ce504130"},"type":"OpenApiConnection","inputs":{"host":{"apiId":"/providers/Microsoft.PowerApps/apis/shared_sharepointonline","connectionName":"shared_sharepointonline","operationId":"CreateFile"},"parameters":{"dataset":"https://ampicurrents.sharepoint.com/","folderPath":"/Quotes","name":"@outputs('PDF_filename')","body":"@outputs('Convert_file')?['body']"},"authentication":{"value":"@json(decodeBase64(triggerOutputs().headers['X-MS-APIM-Tokens']))['$ConnectionKey']","type":"Raw"}},"runtimeConfiguration":{"contentTransfer":{"transferMode":"Chunked"}}}}},"connectionReferences":{"shared_sharepointonline":{"connectionName":"8e670b69ac2944219ec1ab34712a06fd","source":"Invoker","id":"/providers/Microsoft.PowerApps/apis/shared_sharepointonline","tier":"NotSpecified"},"shared_onedriveforbusiness":{"connectionName":"shared-onedriveforbu-814dc912-5899-4255-8013-b0ccf624d4aa","source":"Invoker","id":"/providers/Microsoft.PowerApps/apis/shared_onedriveforbusiness","tier":"NotSpecified"},"shared_teams":{"connectionName":"shared-teams-6491a152-eeb8-4503-81a5-c6b5c2bbb0dc","source":"Invoker","id":"/providers/Microsoft.PowerApps/apis/shared_teams","tier":"NotSpecified"}},"flowFailureAlertSubscribed":false}}