{"schemaVersion":"1.0","appDefinitionTemplate":{"id":"/providers/Microsoft.PowerApps/apps/","type":"Microsoft.PowerApps/apps","tags":{"primaryDeviceWidth":"640","primaryDeviceHeight":"1136","sienaVersion":"20200916T215941Z-3.20085.22.0","deviceCapabilities":"","supportsPortrait":"true","supportsLandscape":"false","primaryFormFactor":"Phone","publisherVersion":"3.20085.22","minimumRequiredApiVersion":"2.2.0","hasComponent":"true","hasUnlockedComponent":"true","isUnifiedRootApp":"false"},"properties":{"appVersion":"2020-09-16T21:59:41Z","lifeCycleId":"Published","createdByClientVersion":{"major":3,"minor":20085,"build":22,"revision":0,"majorRevision":0,"minorRevision":0},"minClientVersion":{"major":3,"minor":20085,"build":22,"revision":0,"majorRevision":0,"minorRevision":0},"backgroundColor":"rgba(208, 52, 56, 1)","backgroundImageUri":"/3702002284652261140/N8cfd91d5-66ce-459c-be71-52831f1edc11-logoSmallFile","displayName":"PowerTemplate","description":"","commitMessage":"","appUris":{"documentUri":{"value":"/3702002284652261140/Nce263bd1-ea6e-4bb9-a915-1bcf206ef1e5-document.msapp"},"imageUris":[]},"createdTime":"0001-01-01T00:00:00Z","lastModifiedTime":"0001-01-01T00:00:00Z","sharedGroupsCount":0,"sharedUsersCount":0,"icons":{"smallIconUri":"/3702002284652261140/N64fc954b-0e92-4bbc-b483-95586b318408-small.png","mediumIconUri":"/3702002284652261140/N93191690-c03a-4c92-aead-543c48b7ef42-medium.png","largeIconUri":"/3702002284652261140/N7f1224e4-e591-429c-a8f7-b5fb5b62001c-large.png","wideIconUri":"/3702002284652261140/N22e528c9-feb8-4547-9947-e49f09c8e39d-wide.png"},"connectionReferences":{},"databaseReferences":{},"almMode":"Environment","performanceOptimizationEnabled":true,"canConsumeAppPass":true,"executionRestrictions":{"isTeamsOnly":false,"dataLossPreventionEvaluationResult":{"status":"Compliant","lastEvaluationDate":"2020-10-31T09:17:04.343764Z","violationDetails":[]}}},"isAppComponentLibrary":false,"appType":"ClassicCanvasApp","appComponents":[]}}