{"schemaVersion":"1.0","appDefinitionTemplate":{"id":"/providers/Microsoft.PowerApps/apps/","type":"Microsoft.PowerApps/apps","tags":{"primaryDeviceWidth":"1366","primaryDeviceHeight":"768","sienaVersion":"20220315T233534Z-3.22022.23.0","deviceCapabilities":"","supportsPortrait":"false","supportsLandscape":"true","primaryFormFactor":"Tablet","publisherVersion":"3.22022.23","minimumRequiredApiVersion":"2.2.0","hasComponent":"false","hasUnlockedComponent":"false","isUnifiedRootApp":"false"},"properties":{"appVersion":"2022-03-15T23:35:34Z","lifeCycleId":"Published","createdByClientVersion":{"major":3,"minor":22022,"build":23,"revision":0,"majorRevision":0,"minorRevision":0},"minClientVersion":{"major":3,"minor":22022,"build":23,"revision":0,"majorRevision":0,"minorRevision":0},"backgroundColor":"rgba(0, 176, 240, 1)","backgroundImageUri":"/526843223789112594/N46a9cff9-95aa-4a8c-860e-d2da8c0b7b96-logoSmallFile","displayName":"Channel Manager","description":"Microsoft Teams channel management system","commitMessage":"","appUris":{"documentUri":{"value":"/526843223789112594/N49370072-a47d-4317-b6d5-089cd6d7ae0e-document.msapp"},"imageUris":[]},"createdTime":"0001-01-01T00:00:00Z","lastModifiedTime":"0001-01-01T00:00:00Z","sharedGroupsCount":0,"sharedUsersCount":0,"icons":{"smallIconUri":"/526843223789112594/Na0f6d891-bb82-4930-8c5d-1e4446b641f4-small.png","mediumIconUri":"/526843223789112594/N9bd3ed40-2ec5-4151-8c52-9d8f97f3e306-medium.png","largeIconUri":"/526843223789112594/Ne1ae1f91-1d59-4ca9-8f97-27181ce41801-large.png","wideIconUri":"/526843223789112594/N693e4006-6fa7-43cc-a71c-28a32b06d9da-wide.png"},"connectionReferences":{"45a976e3-fd55-4e7e-9fa2-fdac2b07aaa4":{"id":"66f9d9dc-2831-4834-9f37-d57de0d8d47d","displayName":"Microsoft Teams","iconUri":"https://connectoricons-prod.azureedge.net/releases/v1.0.1554/1.0.1554.2709/teams/icon.png","dataSources":["MicrosoftTeams"],"dependencies":[],"dependents":[],"parameterHints":{},"parameterHintsV2":{},"isOnPremiseConnection":false,"bypassConsent":false,"dataSets":{},"apiTier":"Standard","isCustomApiConnection":false,"actions":["GetChannelsForGroup","GetMessagesFromChannel","PostMessageToChannelV3"]}},"databaseReferences":{},"almMode":"Environment","performanceOptimizationEnabled":true,"canConsumeAppPass":true,"executionRestrictions":{"isTeamsOnly":false,"dataLossPreventionEvaluationResult":{"status":"Compliant","lastEvaluationDate":"2020-11-21T23:22:00.3214467Z","violationDetails":[]}}},"appType":"ClassicCanvasApp","appComponents":[]}}