{"schemaVersion":"1.0","appDefinitionTemplate":{"id":"/providers/Microsoft.PowerApps/apps/","type":"Microsoft.PowerApps/apps","tags":{"primaryDeviceWidth":"1366","primaryDeviceHeight":"768","sienaVersion":"20220315T233534Z-3.22022.23.0","deviceCapabilities":"","supportsPortrait":"false","supportsLandscape":"true","primaryFormFactor":"Tablet","publisherVersion":"3.22022.23","minimumRequiredApiVersion":"2.2.0","hasComponent":"false","hasUnlockedComponent":"false","isUnifiedRootApp":"false"},"properties":{"appVersion":"2022-03-15T23:35:34Z","lifeCycleId":"Published","createdByClientVersion":{"major":3,"minor":22022,"build":23,"revision":0,"majorRevision":0,"minorRevision":0},"minClientVersion":{"major":3,"minor":22022,"build":23,"revision":0,"majorRevision":0,"minorRevision":0},"backgroundColor":"rgba(0, 176, 240, 1)","backgroundImageUri":"/526843223789112594/Na2db9dfe-fb00-4088-9000-275d8061fd8b-logoSmallFile","displayName":"Channel Manager","description":"Microsoft Teams channel management system","commitMessage":"","appUris":{"documentUri":{"value":"/526843223789112594/Nc3c12a43-fdc3-4167-b89f-1d769cce452f-document.msapp"},"imageUris":[]},"createdTime":"0001-01-01T00:00:00Z","lastModifiedTime":"0001-01-01T00:00:00Z","sharedGroupsCount":0,"sharedUsersCount":0,"icons":{"smallIconUri":"/526843223789112594/Nbb656d63-f5f8-41d2-9893-53effc3701e6-small.png","mediumIconUri":"/526843223789112594/Nf798fb91-b821-4d3d-8e43-5d865bfa13c3-medium.png","largeIconUri":"/526843223789112594/Nd4cc31be-6ba4-4d0b-831c-634ee2acb667-large.png","wideIconUri":"/526843223789112594/N0320a61f-9a3e-48cc-bdb6-c0c1c1642c1f-wide.png"},"connectionReferences":{"45a976e3-fd55-4e7e-9fa2-fdac2b07aaa4":{"id":"66f9d9dc-2831-4834-9f37-d57de0d8d47d","displayName":"Microsoft Teams","iconUri":"https://connectoricons-prod.azureedge.net/releases/v1.0.1554/1.0.1554.2709/teams/icon.png","dataSources":["MicrosoftTeams"],"dependencies":[],"dependents":[],"parameterHints":{},"parameterHintsV2":{},"isOnPremiseConnection":false,"bypassConsent":false,"dataSets":{},"apiTier":"Standard","isCustomApiConnection":false,"actions":["GetChannelsForGroup","GetMessagesFromChannel","PostMessageToChannelV3"]}},"databaseReferences":{},"almMode":"Environment","performanceOptimizationEnabled":true,"canConsumeAppPass":true,"executionRestrictions":{"isTeamsOnly":false,"dataLossPreventionEvaluationResult":{"status":"Compliant","lastEvaluationDate":"2020-11-21T23:22:00.3214467Z","violationDetails":[]}}},"appType":"ClassicCanvasApp","appComponents":[]}}