{"name":"7ae73b8d-e68a-43a1-abeb-1f106421b0ad","id":"/providers/Microsoft.Flow/flows/7ae73b8d-e68a-43a1-abeb-1f106421b0ad","type":"Microsoft.Flow/flows","properties":{"apiId":"/providers/Microsoft.PowerApps/apis/shared_logicflows","displayName":"Get Excel data","definition":{"metadata":{"workflowEntityId":null,"processAdvisorMetadata":null,"flowclientsuspensionreason":"None","flowclientsuspensiontime":null,"creator":{"id":"925c608f-ce29-4bed-8561-b94b148352bb","type":"User","tenantId":"fd037fe3-7027-49ab-9f4b-7a41e58066e9"},"provisioningMethod":"FromDefinition","failureAlertSubscription":true,"clientLastModifiedTime":"2022-03-27T21:52:19.6308241Z"},"$schema":"https://schema.management.azure.com/providers/Microsoft.Logic/schemas/2016-06-01/workflowdefinition.json#","contentVersion":"1.0.0.0","parameters":{"$connections":{"defaultValue":{},"type":"Object"},"$authentication":{"defaultValue":{},"type":"SecureObject"}},"triggers":{"manual":{"metadata":{"operationMetadataId":"3c7d1f0a-6f8f-4b89-b116-499c04013343"},"type":"Request","kind":"Http","inputs":{}}},"actions":{"List_rows_present_in_a_table":{"runAfter":{},"metadata":{"01NHMKW2T5TTEKWT6F5VCZTO32BZ3BDLS7":"/Sample Data.xlsx","operationMetadataId":"39cf028f-e2c0-4e76-94a9-a3289c341561","tableId":"{CE88A3DA-297D-4EAC-80BA-7B2363A3D91A}"},"type":"OpenApiConnection","inputs":{"host":{"apiId":"/providers/Microsoft.PowerApps/apis/shared_excelonlinebusiness","connectionName":"shared_excelonlinebusiness","operationId":"GetItems"},"parameters":{"source":"me","drive":"b!GJ3PtE34KUeTyd4JfOc-PxYiuQWNR7FPjraDpkSOGoeKAjongrzoRavF3xGK0pQM","file":"01NHMKW2T5TTEKWT6F5VCZTO32BZ3BDLS7","table":"{CE88A3DA-297D-4EAC-80BA-7B2363A3D91A}","$select":"first_name, last_name, email "},"authentication":"@parameters('$authentication')"}},"Select":{"runAfter":{"List_rows_present_in_a_table":["Succeeded"]},"metadata":{"operationMetadataId":"0d154b71-9501-4b32-8fb9-9fe31f861951"},"type":"Select","inputs":{"from":"@outputs('List_rows_present_in_a_table')?['body/value']","select":{"fullname":"@{item()?['first_name']}@{item()?['last_name']}","email":"@item()?['email']"}}},"Response":{"runAfter":{"Select":["Succeeded"]},"metadata":{"operationMetadataId":"29243ab7-8c2d-4242-af4e-27485aaab52a"},"type":"Response","kind":"Http","inputs":{"statusCode":200,"body":"@body('Select')"}}},"outputs":{}},"connectionReferences":{"shared_excelonlinebusiness":{"connectionName":"shared-excelonlinebu-09eb55c8-4573-4dc5-9cd1-829e392aaad6","source":"Embedded","id":"/providers/Microsoft.PowerApps/apis/shared_excelonlinebusiness","tier":"NotSpecified"}},"flowFailureAlertSubscribed":false}}