{"schemaVersion":"1.0","appDefinitionTemplate":{"id":"/providers/Microsoft.PowerApps/apps/","type":"Microsoft.PowerApps/apps","tags":{"primaryDeviceWidth":"768","primaryDeviceHeight":"1366","sienaVersion":"758400f8-8af1-4dfd-98c5-8d49b464d362","deviceCapabilities":"","supportsPortrait":"true","supportsLandscape":"true","primaryFormFactor":"Tablet","publisherVersion":"3.22022.23","minimumRequiredApiVersion":"2.2.0","hasComponent":"true","hasUnlockedComponent":"true","isUnifiedRootApp":"false"},"properties":{"appVersion":"2022-03-16T23:55:33Z","lifeCycleId":"Published","createdByClientVersion":{"major":3,"minor":22022,"build":23,"revision":0,"majorRevision":0,"minorRevision":0},"minClientVersion":{"major":3,"minor":22022,"build":23,"revision":0,"majorRevision":0,"minorRevision":0},"backgroundColor":"RGBA(0,176,240,1)","backgroundImageUri":"/8048984133032895574/Nbc5eb56b-840c-4503-9913-ec9c162ee3d7-logoSmallFile","displayName":"BaseComponents","description":"","commitMessage":"","appUris":{"documentUri":{"value":"/8048984133032895574/Nbe5443d9-4304-4eda-97be-dc62fd4e4182-document.msapp"},"imageUris":[]},"createdTime":"0001-01-01T00:00:00Z","lastModifiedTime":"0001-01-01T00:00:00Z","sharedGroupsCount":0,"sharedUsersCount":0,"icons":{"smallIconUri":"/8048984133032895574/Nfff746fd-c31f-494f-8087-6c47f1e23629-small.png","mediumIconUri":"/8048984133032895574/N34680cb5-5904-4671-b7e7-5351093dedc5-medium.png","largeIconUri":"/8048984133032895574/N2ff65ac2-f38a-47af-943e-3267610a1fac-large.png","wideIconUri":"/8048984133032895574/Ne34ade61-4227-4b70-bcb3-91bd36f1bc4f-wide.png"},"connectionReferences":{},"databaseReferences":{},"almMode":"Environment","performanceOptimizationEnabled":true,"canConsumeAppPass":true,"executionRestrictions":{"isTeamsOnly":false,"dataLossPreventionEvaluationResult":{"status":"Compliant","lastEvaluationDate":"2022-02-20T20:47:26.2876592Z","violations":[],"violationsByPolicy":[],"violationErrorMessage":"The app uses the following connectors: ."}}},"appType":"ClassicCanvasApp","appComponents":[]}}