{"schemaVersion":"1.0","appDefinitionTemplate":{"id":"/providers/Microsoft.PowerApps/apps/","type":"Microsoft.PowerApps/apps","tags":{"primaryDeviceWidth":"1366","primaryDeviceHeight":"768","sienaVersion":"20220331T222821Z-3.22031.21.0","deviceCapabilities":"","supportsPortrait":"false","supportsLandscape":"true","primaryFormFactor":"Tablet","publisherVersion":"3.22022.23","minimumRequiredApiVersion":"2.2.0","hasComponent":"false","hasUnlockedComponent":"false","isUnifiedRootApp":"false"},"properties":{"appVersion":"2022-03-31T22:28:21Z","lifeCycleId":"Published","createdByClientVersion":{"major":3,"minor":22022,"build":23,"revision":0,"majorRevision":0,"minorRevision":0},"minClientVersion":{"major":3,"minor":22022,"build":23,"revision":0,"majorRevision":0,"minorRevision":0},"backgroundColor":"rgba(0, 176, 240, 1)","backgroundImageUri":"/8621172035874757436/Nfb1e403f-45e0-4ba1-b334-f926ea5c9daf-logoSmallFile","displayName":"Power Apps Homepage","description":"","commitMessage":"","appUris":{"documentUri":{"value":"/8621172035874757436/N83cf2b1d-fbc2-456a-a6b1-b85da5ab95f3-document.msapp"},"imageUris":[]},"createdTime":"0001-01-01T00:00:00Z","lastModifiedTime":"0001-01-01T00:00:00Z","sharedGroupsCount":0,"sharedUsersCount":0,"icons":{"smallIconUri":"/8621172035874757436/N9b0d46da-b555-426f-9a9e-8684fa225332-small.png","mediumIconUri":"/8621172035874757436/Nf0befd7b-ee60-4ff1-9bba-08a8299eb2ea-medium.png","largeIconUri":"/8621172035874757436/Nfc50cc9b-2224-46e2-abac-922a42185160-large.png","wideIconUri":"/8621172035874757436/N8e951154-3dce-4b7c-95fb-b27b6b32a764-wide.png"},"connectionReferences":{},"databaseReferences":{},"almMode":"Environment","performanceOptimizationEnabled":true,"canConsumeAppPass":true,"executionRestrictions":{"isTeamsOnly":false,"dataLossPreventionEvaluationResult":{"status":"Compliant","lastEvaluationDate":"2020-12-13T22:53:31.4682602Z","violationDetails":[]}}},"appType":"ClassicCanvasApp","appComponents":[]}}