{"schemaVersion":"1.0","appDefinitionTemplate":{"id":"/providers/Microsoft.PowerApps/apps/","type":"Microsoft.PowerApps/apps","tags":{"primaryDeviceWidth":"640","primaryDeviceHeight":"1136","sienaVersion":"20220220T185112Z-3.22021.27.0","deviceCapabilities":"","supportsPortrait":"true","supportsLandscape":"false","primaryFormFactor":"Phone","publisherVersion":"3.22021.27","minimumRequiredApiVersion":"2.2.0","hasComponent":"false","hasUnlockedComponent":"false","isUnifiedRootApp":"false"},"properties":{"appVersion":"2022-02-20T18:51:12Z","lifeCycleId":"Published","createdByClientVersion":{"major":3,"minor":22021,"build":27,"revision":0,"majorRevision":0,"minorRevision":0},"minClientVersion":{"major":3,"minor":22021,"build":27,"revision":0,"majorRevision":0,"minorRevision":0},"backgroundColor":"RGBA(0,176,240,1)","backgroundImageUri":"/13986184705688389002/Ne63958ff-5a28-40bc-910a-449c9c004652-logoSmallFile","displayName":"PowerPremises","description":"","commitMessage":"","appUris":{"documentUri":{"value":"/13986184705688389002/N4c3672bd-5c22-4f6c-bcb2-e6a0cdf59f6f-document.msapp"},"imageUris":[]},"createdTime":"0001-01-01T00:00:00Z","lastModifiedTime":"0001-01-01T00:00:00Z","sharedGroupsCount":0,"sharedUsersCount":0,"icons":{"smallIconUri":"/13986184705688389002/Ne0bf73d6-f696-4ac7-97b6-3cadaa123d46-small.png","mediumIconUri":"/13986184705688389002/N31c85e47-cb0d-4d17-b4e8-bcb842ccc583-medium.png","largeIconUri":"/13986184705688389002/Nc9dac77d-aece-4150-b8e5-9c6d19739e72-large.png","wideIconUri":"/13986184705688389002/N28b707a3-a9d2-48a8-8426-c10712fcd926-wide.png"},"connectionReferences":{"45ef4d9b-cd05-4c47-832d-d8140cbb7645":{"id":"26a7f9f8-c86c-4e62-b01f-e1a0c9140327","displayName":"File System","iconUri":"https://connectoricons-prod.azureedge.net/releases/v1.0.1550/1.0.1550.2686/filesystem/icon.png","dataSources":["FileSystem"],"dependencies":[],"dependents":[],"parameterHints":{},"parameterHintsV2":{},"gatewayObjectIdHint":"7160d1b9-6e07-40a4-9eea-a2ae69b6b170","isOnPremiseConnection":true,"bypassConsent":false,"dataSets":{},"apiTier":"Standard","isCustomApiConnection":false,"actions":["GetFileContentByPath","ListFolder"]}},"databaseReferences":{},"almMode":"Environment","performanceOptimizationEnabled":true,"canConsumeAppPass":true,"executionRestrictions":{"isTeamsOnly":false,"dataLossPreventionEvaluationResult":{"status":"Compliant","lastEvaluationDate":"2020-10-28T20:04:01.0528933Z","violationDetails":[]}}},"appType":"ClassicCanvasApp","appComponents":[]}}