{"name":"a65db22c-8312-4536-815f-0269d88b2635","id":"/providers/Microsoft.Flow/flows/a65db22c-8312-4536-815f-0269d88b2635","type":"Microsoft.Flow/flows","properties":{"apiId":"/providers/Microsoft.PowerApps/apis/shared_logicflows","displayName":"Process Contracts","definition":{"metadata":{"workflowEntityId":null,"processAdvisorMetadata":null,"flowclientsuspensionreason":"None","flowclientsuspensiontime":null,"creator":{"id":"925c608f-ce29-4bed-8561-b94b148352bb","type":"User","tenantId":"fd037fe3-7027-49ab-9f4b-7a41e58066e9"},"provisioningMethod":"FromDefinition","failureAlertSubscription":true,"clientLastModifiedTime":"2022-04-01T23:24:24.3698443Z"},"$schema":"https://schema.management.azure.com/providers/Microsoft.Logic/schemas/2016-06-01/workflowdefinition.json#","contentVersion":"1.0.0.0","parameters":{"$connections":{"defaultValue":{},"type":"Object"},"$authentication":{"defaultValue":{},"type":"SecureObject"}},"triggers":{"manual":{"splitOn":"@triggerBody()['rows']","metadata":{"operationMetadataId":"ee6e4ec0-43d6-4ffe-b541-880f701d3bae"},"type":"Request","kind":"ApiConnection","inputs":{"schema":{"type":"object","properties":{"rows":{"type":"array","items":{"type":"object","properties":{"entity":{"type":"object","properties":{"fileName":{"title":"fileName","type":"string"}},"required":["fileName"]}},"required":["entity"]}}},"required":["rows"]},"host":{"connection":{"name":"@parameters('$connections')['shared_sharepointonline']['connectionId']"},"api":{"runtimeUrl":"https://europe-002.azure-apim.net/apim/sharepointonline"}},"operationId":"GetItemHybridTriggerSchema","parameters":{"dataset":"No data","table":"No data"}}}},"actions":{"Get_files_(properties_only)":{"runAfter":{},"metadata":{"operationMetadataId":"2a496790-0736-4982-9656-b006f7fb01e7"},"type":"OpenApiConnection","inputs":{"host":{"apiId":"/providers/Microsoft.PowerApps/apis/shared_sharepointonline","connectionName":"shared_sharepointonline","operationId":"GetFileItems"},"parameters":{"dataset":"https://ampicurrents.sharepoint.com/","table":"644a8949-a37b-44c3-9c70-b342f377b20d","folderPath":"@triggerBody()?['entity']?['fileName']"},"authentication":{"value":"@json(decodeBase64(triggerOutputs().headers['X-MS-APIM-Tokens']))['$ConnectionKey']","type":"Raw"}}},"Apply_to_each":{"foreach":"@outputs('Get_files_(properties_only)')?['body/value']","actions":{"Send_an_HTTP_request_to_SharePoint":{"runAfter":{},"metadata":{"operationMetadataId":"e09770c7-babd-4333-8b24-c0e2e760a32c"},"type":"OpenApiConnection","inputs":{"host":{"apiId":"/providers/Microsoft.PowerApps/apis/shared_sharepointonline","connectionName":"shared_sharepointonline","operationId":"HttpRequest"},"parameters":{"dataset":"https://ampicurrents.sharepoint.com/","parameters/method":"PATCH","parameters/uri":"_api/web/lists/getbytitle('Contracts')/items(@{items('Apply_to_each')?['ID']})","parameters/headers":{"If-Match":"*"},"parameters/body":"{\n\"FileLeafRef\": \"@{items('Apply_to_each')?['ID']}-@{items('Apply_to_each')?['Contractnumber']}-@{items('Apply_to_each')?['Reference']}-@{triggerBody()?['entity']?['fileName']}\"\n}"},"authentication":{"value":"@json(decodeBase64(triggerOutputs().headers['X-MS-APIM-Tokens']))['$ConnectionKey']","type":"Raw"}}}},"runAfter":{"Get_files_(properties_only)":["Succeeded"]},"metadata":{"operationMetadataId":"4f1c2267-5b46-4370-ba7f-7f46308624c4"},"type":"Foreach"}}},"connectionReferences":{"shared_sharepointonline":{"connectionName":"8e670b69ac2944219ec1ab34712a06fd","source":"Invoker","id":"/providers/Microsoft.PowerApps/apis/shared_sharepointonline","tier":"NotSpecified"}},"flowFailureAlertSubscribed":false}}