{"properties":{"connectionReferences":{"shared_office365":{"runtimeSource":"embedded","connection":{"connectionReferenceLogicalName":"apc_sharedoffice365_5f86f"},"api":{"name":"shared_office365"}},"shared_commondataserviceforapps":{"runtimeSource":"embedded","connection":{"connectionReferenceLogicalName":"apc_sharedcommondataserviceforapps_7f29c"},"api":{"name":"shared_commondataserviceforapps"}},"shared_teams":{"runtimeSource":"embedded","connection":{"connectionReferenceLogicalName":"apc_sharedteams_42485"},"api":{"name":"shared_teams"}}},"definition":{"$schema":"https://schema.management.azure.com/providers/Microsoft.Logic/schemas/2016-06-01/workflowdefinition.json#","contentVersion":"1.0.0.0","parameters":{"$connections":{"defaultValue":{},"type":"Object"},"$authentication":{"defaultValue":{},"type":"SecureObject"}},"triggers":{"manual":{"metadata":{"operationMetadataId":"47429853-33f5-4fec-b4a6-58892e4335f6"},"type":"Request","kind":"Button","inputs":{"schema":{"type":"object","properties":{"email":{"title":"Marketing Email","type":"string","format":"email","x-ms-dynamically-added":true,"description":"Please enter an e-mail address","x-ms-content-hint":"EMAIL"}},"required":["email"]}}}},"actions":{"Send_an_email_(V2)":{"runAfter":{},"metadata":{"operationMetadataId":"36fd988f-8f1a-4968-ae7b-6b144d086f5d"},"type":"OpenApiConnection","inputs":{"host":{"connectionName":"shared_office365","operationId":"SendEmailV2","apiId":"/providers/Microsoft.PowerApps/apis/shared_office365"},"parameters":{"emailMessage/To":"@triggerBody()['email']","emailMessage/Subject":"This is a test","emailMessage/Body":"<p>Hope you ike it</p>"},"authentication":{"type":"Raw","value":"@json(decodeBase64(triggerOutputs().headers['X-MS-APIM-Tokens']))['$ConnectionKey']"}}},"Add_a_new_row":{"runAfter":{"Send_an_email_(V2)":["Succeeded"]},"metadata":{"operationMetadataId":"190d5edb-bca6-4e65-b91d-f09aae87531d"},"type":"OpenApiConnection","inputs":{"host":{"connectionName":"shared_commondataserviceforapps","operationId":"CreateRecord","apiId":"/providers/Microsoft.PowerApps/apis/shared_commondataserviceforapps"},"parameters":{"entityName":"apc_marketinglogses","item/apc_customeremail":"@triggerBody()['email']"},"authentication":{"type":"Raw","value":"@json(decodeBase64(triggerOutputs().headers['X-MS-APIM-Tokens']))['$ConnectionKey']"}}},"Post_message_in_a_chat_or_channel":{"runAfter":{"Add_a_new_row":["Succeeded"]},"metadata":{"operationMetadataId":"17d3b27e-6d12-4552-934d-7d2a88b2ace8"},"type":"OpenApiConnection","inputs":{"host":{"connectionName":"shared_teams","operationId":"PostMessageToConversation","apiId":"/providers/Microsoft.PowerApps/apis/shared_teams"},"parameters":{"poster":"Flow bot","location":"Chat with Flow bot","body/recipient":"@{triggerBody()['email']};","body/messageBody":"<p>The marketing email was delivered and logged</p>"},"authentication":{"type":"Raw","value":"@json(decodeBase64(triggerOutputs().headers['X-MS-APIM-Tokens']))['$ConnectionKey']"}}},"Respond_to_a_PowerApp_or_flow":{"runAfter":{"Post_message_in_a_chat_or_channel":["Succeeded"]},"metadata":{"operationMetadataId":"6a84db6d-ff35-4469-a72d-e7d67ee04843"},"type":"Response","kind":"PowerApp","inputs":{"statusCode":200,"body":{"result":"Logged"},"schema":{"type":"object","properties":{"result":{"title":"Result","x-ms-dynamically-added":true,"type":"string"}}}}}}}},"schemaVersion":"1.0.0.0"}