{"properties":{"connectionReferences":{"shared_sharepointonline":{"runtimeSource":"invoker","connection":{"connectionReferenceLogicalName":"apc_sharedsharepointonline_9ad67"},"api":{"name":"shared_sharepointonline"}}},"definition":{"$schema":"https://schema.management.azure.com/providers/Microsoft.Logic/schemas/2016-06-01/workflowdefinition.json#","contentVersion":"1.0.0.0","parameters":{"$connections":{"defaultValue":{},"type":"Object"},"$authentication":{"defaultValue":{},"type":"SecureObject"}},"triggers":{"manual":{"metadata":{"operationMetadataId":"623d92bd-0490-4250-addc-a1bb6e5b1a21"},"type":"Request","kind":"Button","inputs":{"schema":{"type":"object","properties":{},"required":[]}}}},"actions":{"Get_items":{"runAfter":{},"metadata":{"operationMetadataId":"24b815c3-b18c-4af2-914e-47a3fa58e02a"},"type":"OpenApiConnection","inputs":{"host":{"connectionName":"shared_sharepointonline","operationId":"GetItems","apiId":"/providers/Microsoft.PowerApps/apis/shared_sharepointonline"},"parameters":{"dataset":"https://powernimbus.sharepoint.com/","table":"6b501fb6-39f8-4c3a-8f16-f22ad2e65465"},"authentication":{"type":"Raw","value":"@json(decodeBase64(triggerOutputs().headers['X-MS-APIM-Tokens']))['$ConnectionKey']"}}},"Apply_to_each":{"foreach":"@outputs('Get_items')?['body/value']","actions":{"Run_a_Child_Flow":{"runAfter":{},"metadata":{"operationMetadataId":"1c92575a-5a1d-4a34-9910-2dbb21451ede"},"type":"Workflow","inputs":{"host":{"workflowReferenceName":"de27fa2f-c38a-ec11-8d20-6045bd94be9c"},"body":{"email":"@items('Apply_to_each')?['Email']"}}}},"runAfter":{"Get_items":["Succeeded"]},"metadata":{"operationMetadataId":"e31ecbcb-9c60-470d-86b1-999ec8b10678"},"type":"Foreach"}}}},"schemaVersion":"1.0.0.0"}