{"schemaVersion":"1.0","appDefinitionTemplate":{"id":"/providers/Microsoft.PowerApps/apps/","type":"Microsoft.PowerApps/apps","tags":{"primaryDeviceWidth":"640","primaryDeviceHeight":"1136","sienaVersion":"20220327T223149Z-3.22022.23.0","deviceCapabilities":"","supportsPortrait":"true","supportsLandscape":"false","primaryFormFactor":"Phone","publisherVersion":"3.22022.23","minimumRequiredApiVersion":"2.2.0","hasComponent":"false","hasUnlockedComponent":"false","isUnifiedRootApp":"false"},"properties":{"appVersion":"2022-03-27T22:31:49Z","lifeCycleId":"Published","createdByClientVersion":{"major":3,"minor":22022,"build":23,"revision":0,"majorRevision":0,"minorRevision":0},"minClientVersion":{"major":3,"minor":22022,"build":23,"revision":0,"majorRevision":0,"minorRevision":0},"backgroundColor":"RGBA(0,176,240,1)","backgroundImageUri":"/5694236376453454321/N1e80adeb-a6b7-474e-8956-886e65479568-logoSmallFile","displayName":"OneDrive Shared","description":"","commitMessage":"","appUris":{"documentUri":{"value":"/5694236376453454321/N6349af89-10e1-4e7b-a8b2-3a389008a3b6-document.msapp"},"imageUris":[]},"createdTime":"0001-01-01T00:00:00Z","lastModifiedTime":"0001-01-01T00:00:00Z","sharedGroupsCount":0,"sharedUsersCount":0,"icons":{"smallIconUri":"/5694236376453454321/N5d4502fb-567c-4606-be97-4442b436cc18-small.png","mediumIconUri":"/5694236376453454321/N6e48adf2-dbe9-427f-b966-97f71658d200-medium.png","largeIconUri":"/5694236376453454321/N2ff6fa4f-0393-4bd7-81f2-4181f54c3e79-large.png","wideIconUri":"/5694236376453454321/N9835c242-fc2d-4ddc-877b-a0bcae554002-wide.png"},"connectionReferences":{"55d62266-fc78-4f49-9650-d45a999ea980":{"id":"baab010f-9717-4dc7-8861-63db42323b95","displayName":"Logic flows","iconUri":"https://connectoricons-prod.azureedge.net/releases/v1.0.1534/1.0.1534.2605/logicflows/icon.png","dataSources":["GetdatafromFlow"],"dependencies":[],"dependents":[],"parameterHints":{"workflowName":{"value":"17f45167-bd45-4264-9b04-54182fd6883f"},"workflowEntityId":{}},"parameterHintsV2":{"workflowName":{"value":"17f45167-bd45-4264-9b04-54182fd6883f"},"workflowEntityId":{}},"isOnPremiseConnection":false,"bypassConsent":false,"dataSets":{},"apiTier":"Standard","isCustomApiConnection":false,"actions":["Run"]}},"databaseReferences":{},"almMode":"Environment","performanceOptimizationEnabled":true,"canConsumeAppPass":true,"executionRestrictions":{"isTeamsOnly":false,"dataLossPreventionEvaluationResult":{"status":"Compliant","lastEvaluationDate":"2022-03-27T22:01:37.5886892Z","violations":[],"violationsByPolicy":[],"violationErrorMessage":"The app uses the following connectors: shared_logicflows."},"httpActionRestriction":{"appUsesSharepointHttpAction":false,"enforcementStrategy":"Legacy","evaluationTime":"2022-03-27T22:01:37.5886892Z"}}},"appType":"ClassicCanvasApp","appComponents":[]}}