{"properties":{"connectionReferences":{"shared_commondataserviceforapps":{"runtimeSource":"embedded","connection":{"connectionReferenceLogicalName":"apc_sharedcommondataserviceforapps_253fa"},"api":{"name":"shared_commondataserviceforapps"}},"shared_uiflow":{"runtimeSource":"invoker","connection":{"connectionReferenceLogicalName":"apc_shareduiflow_33f94"},"api":{"name":"shared_uiflow"}}},"definition":{"$schema":"https://schema.management.azure.com/providers/Microsoft.Logic/schemas/2016-06-01/workflowdefinition.json#","contentVersion":"1.0.0.0","parameters":{"$connections":{"defaultValue":{},"type":"Object"},"$authentication":{"defaultValue":{},"type":"SecureObject"}},"triggers":{"manual":{"metadata":{"operationMetadataId":"49dd0fca-92d4-402f-a60a-21ce04eb40e1"},"type":"Request","kind":"Button","inputs":{"schema":{"type":"object","properties":{},"required":[]}}}},"actions":{"List_rows":{"runAfter":{},"metadata":{"operationMetadataId":"f34f7dc5-2fa2-4f26-b4e5-944642a6fb9b"},"type":"OpenApiConnection","inputs":{"host":{"connectionName":"shared_commondataserviceforapps","operationId":"ListRecords","apiId":"/providers/Microsoft.PowerApps/apis/shared_commondataserviceforapps"},"parameters":{"entityName":"apc_techsessions","$select":"apc_sessionname, apc_speaker"},"authentication":{"type":"Raw","value":"@json(decodeBase64(triggerOutputs().headers['X-MS-APIM-Tokens']))['$ConnectionKey']"}}},"Apply_to_each":{"foreach":"@outputs('List_rows')?['body/value']","actions":{"Run_a_flow_built_with_Power_Automate_for_desktop":{"runAfter":{},"metadata":{"operationMetadataId":"f2d86e9d-0036-443c-b6a7-b3e51c8d0f58"},"type":"OpenApiConnection","inputs":{"host":{"connectionName":"shared_uiflow","operationId":"RunUIFlow_V2","apiId":"/providers/Microsoft.PowerApps/apis/shared_uiflow"},"parameters":{"uiFlowId":"0712ad11-18c9-45d1-8315-c4eb475fd10e","runMode":"attended","item/Title":"@items('Apply_to_each')?['apc_sessionname']","item/Subtitle":"@items('Apply_to_each')?['apc_speaker']"},"authentication":{"type":"Raw","value":"@json(decodeBase64(triggerOutputs().headers['X-MS-APIM-Tokens']))['$ConnectionKey']"}}}},"runAfter":{"List_rows":["Succeeded"]},"metadata":{"operationMetadataId":"d28e7b96-1e54-4fdb-9e4b-030aed233008"},"type":"Foreach"}}}},"schemaVersion":"1.0.0.0"}