{"schemaVersion":"1.0","appDefinitionTemplate":{"id":"/providers/Microsoft.PowerApps/apps/","type":"Microsoft.PowerApps/apps","tags":{"primaryDeviceWidth":"640","primaryDeviceHeight":"1136","sienaVersion":"20220228T004723Z-3.22022.23.0","deviceCapabilities":"","supportsPortrait":"true","supportsLandscape":"false","primaryFormFactor":"Phone","publisherVersion":"3.22022.23","minimumRequiredApiVersion":"2.2.0","hasComponent":"false","hasUnlockedComponent":"false","isUnifiedRootApp":"false"},"properties":{"appVersion":"2022-02-28T00:47:23Z","lifeCycleId":"Published","createdByClientVersion":{"major":3,"minor":22022,"build":23,"revision":0,"majorRevision":0,"minorRevision":0},"minClientVersion":{"major":3,"minor":22022,"build":23,"revision":0,"majorRevision":0,"minorRevision":0},"backgroundColor":"rgba(104, 101, 171, 1)","backgroundImageUri":"/14311757457364664034/Nb8a444f0-dc03-4ab4-a753-81d1cc2fb5cf-logoSmallFile","displayName":"Flow Delegation","description":"","commitMessage":"","appUris":{"documentUri":{"value":"/14311757457364664034/N6cc0e8b4-353e-4959-85a1-dcbc1aa0f236-document.msapp"},"imageUris":[]},"createdTime":"0001-01-01T00:00:00Z","lastModifiedTime":"0001-01-01T00:00:00Z","sharedGroupsCount":0,"sharedUsersCount":0,"icons":{"smallIconUri":"/14311757457364664034/Nfd4f12a8-9f94-4a7b-9b6f-14af527d5572-small.png","mediumIconUri":"/14311757457364664034/N0446ee4c-eba9-4519-92b0-4af1c958ed1a-medium.png","largeIconUri":"/14311757457364664034/N40858f1b-b5f8-4611-9e9b-21a0fe5db84d-large.png","wideIconUri":"/14311757457364664034/Nb9784525-ba55-406d-af5e-899aa3cc7497-wide.png"},"connectionReferences":{"03cf0319-286c-4262-b314-2ec83ce9f64d":{"id":"61b76c3c-f5dd-4a4b-930c-578ab26b1cbb","displayName":"SharePoint","iconUri":"https://connectoricons-prod.azureedge.net/releases/v1.0.1550/1.0.1550.2686/sharepointonline/icon.png","dataSources":["Speed Test"],"dependencies":[],"dependents":["d1c032c7-0bdd-4c89-9b59-4c1c7deda6e1"],"parameterHints":{},"parameterHintsV2":{},"isOnPremiseConnection":false,"bypassConsent":false,"dataSets":{"https://powernimbus.sharepoint.com/sites/Production":{"dataSources":{"Speed Test":{"tableName":"bcfc3c78-e7f5-4ddb-9f21-b74b71675f22"}}}},"apiTier":"Standard","isCustomApiConnection":false,"actions":["providers/PowerPlatform.Governance/Operations/Read"]},"d1c032c7-0bdd-4c89-9b59-4c1c7deda6e1":{"id":"8a917bc9-8285-4398-8bf1-2a5f8650861f","displayName":"Logic flows","iconUri":"https://connectoricons-prod.azureedge.net/releases/v1.0.1534/1.0.1534.2605/logicflows/icon.png","dataSources":["Delegationhelper"],"dependencies":["03cf0319-286c-4262-b314-2ec83ce9f64d"],"dependents":[],"parameterHints":{"workflowName":{"value":"9bec0d43-66b5-4380-a461-e32b6018f574"},"03cf0319-286c-4262-b314-2ec83ce9f64d":{"value":"shared_sharepointonline"}},"parameterHintsV2":{"shared_sharepointonline":{"value":"03cf0319-286c-4262-b314-2ec83ce9f64d"}},"isOnPremiseConnection":false,"bypassConsent":false,"dataSets":{},"apiTier":"Standard","isCustomApiConnection":false,"actions":["Run"]}},"databaseReferences":{},"almMode":"Environment","performanceOptimizationEnabled":true,"canConsumeAppPass":true,"executionRestrictions":{"isTeamsOnly":false,"dataLossPreventionEvaluationResult":{"status":"Compliant","lastEvaluationDate":"2020-10-30T11:52:23.4886307Z","violationDetails":[]}}},"appType":"ClassicCanvasApp","appComponents":[]}}