{"name":"412d0db0-6d56-4772-886c-f3de8298d3d8","id":"/providers/Microsoft.Flow/flows/412d0db0-6d56-4772-886c-f3de8298d3d8","type":"Microsoft.Flow/flows","properties":{"apiId":"/providers/Microsoft.PowerApps/apis/shared_logicflows","displayName":"Survey handler","definition":{"metadata":{"workflowEntityId":null,"processAdvisorMetadata":null,"flowclientsuspensionreason":"None","flowclientsuspensiontime":null,"creator":{"id":"929ce39b-16a7-47a5-b8bf-dc2b7bfdd0b1","type":"User","tenantId":"fdc90c70-0811-412c-8551-e5706c9b92da"},"provisioningMethod":"FromDefinition","failureAlertSubscription":true,"clientLastModifiedTime":"2022-02-14T22:43:48.3330714Z"},"$schema":"https://schema.management.azure.com/providers/Microsoft.Logic/schemas/2016-06-01/workflowdefinition.json#","contentVersion":"1.0.0.0","parameters":{"$connections":{"defaultValue":{},"type":"Object"},"$authentication":{"defaultValue":{},"type":"SecureObject"}},"triggers":{"manual":{"metadata":{"operationMetadataId":"15a18874-56ca-44e1-8a32-a96074ce587e"},"type":"Request","kind":"Http","inputs":{}}},"actions":{"Parse_JSON":{"runAfter":{},"metadata":{"operationMetadataId":"953dee75-54e4-4cb7-afb1-f80599bff141"},"type":"ParseJson","inputs":{"content":"@triggerBody()","schema":{"type":"object","properties":{"form":{"type":"object","properties":{"id":{"type":"string"},"title":{"type":"string"}}},"response":{"type":"object","properties":{"id":{"type":"string"},"timestamp":{"type":"string"},"email":{"type":"string"},"payload":{"type":"object","properties":{"Email":{"type":"string"},"How did you discover us?":{"type":"string"},"How was the event?":{"type":"string"}}}}}}}}},"Post_message_in_a_chat_or_channel":{"runAfter":{"Parse_JSON":["Succeeded"]},"metadata":{"operationMetadataId":"0c7f423b-50b0-43e3-b728-8281db9cbc12"},"type":"OpenApiConnection","inputs":{"host":{"apiId":"/providers/Microsoft.PowerApps/apis/shared_teams","connectionName":"shared_teams","operationId":"PostMessageToConversation"},"parameters":{"poster":"Flow bot","location":"Channel","body/recipient/groupId":"13ed162b-de5a-41d0-9c4a-70e9b64a6ecf","body/recipient/channelId":"19:540e0b3af5574a03bc0a20e612581323@thread.tacv2","body/messageBody":"<p><span style=\"font-size: 18px; color: rgb(41,105,176)\"><strong>A new survey has been received</strong></span><br>\n<br>\n<strong>How did you discover us?</strong><br>\n@{body('Parse_JSON')?['response']?['payload']?['How did you discover us?']}<br>\n<br>\n<strong>How was the event?</strong><br>\n@{body('Parse_JSON')?['response']?['payload']?['How was the event?']}<br>\n<br>\n<strong>Email</strong><br>\n@{body('Parse_JSON')?['response']?['payload']?['Email']}</p>"},"authentication":"@parameters('$authentication')"}}}},"connectionReferences":{"shared_teams":{"connectionName":"shared-teams-d5ce13b2-3fe1-4036-9fe7-16bfbb78d351","source":"Embedded","id":"/providers/Microsoft.PowerApps/apis/shared_teams","tier":"NotSpecified"}},"flowFailureAlertSubscribed":false}}