{"schemaVersion":"1.0","appDefinitionTemplate":{"id":"/providers/Microsoft.PowerApps/apps/","type":"Microsoft.PowerApps/apps","tags":{"primaryDeviceWidth":"1366","primaryDeviceHeight":"768","sienaVersion":"20201216T233131Z-3.20114.22.0","deviceCapabilities":"","supportsPortrait":"false","supportsLandscape":"true","primaryFormFactor":"Tablet","publisherVersion":"3.20114.22","minimumRequiredApiVersion":"2.2.0","hasComponent":"true","hasUnlockedComponent":"false","isUnifiedRootApp":"false"},"properties":{"appVersion":"2020-12-16T23:31:31Z","lifeCycleId":"Published","createdByClientVersion":{"major":3,"minor":20114,"build":22,"revision":0,"majorRevision":0,"minorRevision":0},"minClientVersion":{"major":3,"minor":20114,"build":22,"revision":0,"majorRevision":0,"minorRevision":0},"backgroundColor":"rgba(0, 176, 240, 1)","backgroundImageUri":"/10638415571674800182/N8796e523-58d3-45cc-a5d9-c91a80ceb4a5-logoSmallFile","displayName":"Component Test","description":"","commitMessage":"","appUris":{"documentUri":{"value":"/10638415571674800182/Nf3fdfe77-0477-4d5f-8edf-3e49ea4b16a1-document.msapp"},"imageUris":[]},"createdTime":"0001-01-01T00:00:00Z","lastModifiedTime":"0001-01-01T00:00:00Z","sharedGroupsCount":0,"sharedUsersCount":0,"icons":{"smallIconUri":"/10638415571674800182/N919204f1-1946-4712-9b3e-66b82a690942-small.png","mediumIconUri":"/10638415571674800182/N58098233-5893-4a78-b1ad-bdace9edf147-medium.png","largeIconUri":"/10638415571674800182/N07bd0b5b-80a0-432b-9ca7-92f6a79ea937-large.png","wideIconUri":"/10638415571674800182/N31f1ccdf-e94a-4685-b33b-4449138dcb99-wide.png"},"connectionReferences":{},"databaseReferences":{},"almMode":"Environment","performanceOptimizationEnabled":true,"canConsumeAppPass":true,"executionRestrictions":{"isTeamsOnly":false,"dataLossPreventionEvaluationResult":{"status":"Compliant","lastEvaluationDate":"2020-12-16T23:25:41.4475732Z","violationDetails":[]}}},"isAppComponentLibrary":false,"appType":"ClassicCanvasApp","appComponents":[]}}