{"schemaVersion":"1.0","appDefinitionTemplate":{"id":"/providers/Microsoft.PowerApps/apps/","type":"Microsoft.PowerApps/apps","tags":{"primaryDeviceWidth":"640","primaryDeviceHeight":"1136","sienaVersion":"20220331T211954Z-3.22022.23.0","deviceCapabilities":"","supportsPortrait":"true","supportsLandscape":"false","primaryFormFactor":"Phone","publisherVersion":"3.22022.23","minimumRequiredApiVersion":"2.2.0","hasComponent":"false","hasUnlockedComponent":"false","isUnifiedRootApp":"false"},"properties":{"appVersion":"2022-03-31T21:19:54Z","lifeCycleId":"Published","createdByClientVersion":{"major":3,"minor":22022,"build":23,"revision":0,"majorRevision":0,"minorRevision":0},"minClientVersion":{"major":3,"minor":22022,"build":23,"revision":0,"majorRevision":0,"minorRevision":0},"backgroundColor":"rgba(72, 104, 96, 1)","backgroundImageUri":"/2565510030531316206/N164c591c-c26a-4dfe-9f09-d485112a564b-logoSmallFile","displayName":"Monitor Data","description":"","commitMessage":"","appUris":{"documentUri":{"value":"/2565510030531316206/Na5a75b4f-60de-4f66-b877-f502b068c9b3-document.msapp"},"imageUris":[]},"createdTime":"0001-01-01T00:00:00Z","lastModifiedTime":"0001-01-01T00:00:00Z","sharedGroupsCount":0,"sharedUsersCount":0,"icons":{"smallIconUri":"/2565510030531316206/N385499b8-776c-42a1-8091-5ab75d2d71c8-small.png","mediumIconUri":"/2565510030531316206/Nfb6559fb-e385-4358-a6ab-87fef99d5eba-medium.png","largeIconUri":"/2565510030531316206/Nb3e42997-11a4-452f-845e-54dfbedf6192-large.png","wideIconUri":"/2565510030531316206/N7c7d9af3-44de-4579-be39-df72da9eb4ab-wide.png"},"connectionReferences":{"3b028250-e2de-494b-9a56-4e5a289d5750":{"id":"68b4cdd3-82cd-4dae-a456-87872f0b4ebe","displayName":"SharePoint","iconUri":"https://connectoricons-prod.azureedge.net/releases/v1.0.1563/1.0.1563.2732/sharepointonline/icon.png","dataSources":["Monitor Data"],"dependencies":[],"dependents":[],"parameterHints":{},"parameterHintsV2":{},"isOnPremiseConnection":false,"bypassConsent":false,"dataSets":{"https://ampicurrents.sharepoint.com/sites/Production":{"dataSources":{"Monitor Data":{"tableName":"512aafce-555e-49d4-9e4f-67783228a25b"}}}},"apiTier":"Standard","isCustomApiConnection":false,"actions":["providers/PowerPlatform.Governance/Operations/Read"]}},"databaseReferences":{},"almMode":"Environment","performanceOptimizationEnabled":true,"canConsumeAppPass":true,"executionRestrictions":{"isTeamsOnly":false,"dataLossPreventionEvaluationResult":{"status":"Compliant","lastEvaluationDate":"2020-12-13T01:36:11.2916461Z","violationDetails":[]}}},"appType":"ClassicCanvasApp","appComponents":[]}}