{"schemaVersion":"1.0","appDefinitionTemplate":{"id":"/providers/Microsoft.PowerApps/apps/","type":"Microsoft.PowerApps/apps","tags":{"primaryDeviceWidth":"768","primaryDeviceHeight":"1366","sienaVersion":"20220220T204709Z-3.22021.27.0","deviceCapabilities":"","supportsPortrait":"true","supportsLandscape":"true","primaryFormFactor":"Tablet","publisherVersion":"3.22021.27","minimumRequiredApiVersion":"2.2.0","hasComponent":"true","hasUnlockedComponent":"true","isUnifiedRootApp":"false"},"properties":{"appVersion":"2022-02-20T20:47:09Z","lifeCycleId":"Published","createdByClientVersion":{"major":3,"minor":22021,"build":27,"revision":0,"majorRevision":0,"minorRevision":0},"minClientVersion":{"major":3,"minor":22021,"build":27,"revision":0,"majorRevision":0,"minorRevision":0},"backgroundColor":"RGBA(0,176,240,1)","backgroundImageUri":"/8048984133032895574/N4cc23163-5d01-47ae-afe0-5bdca42abdf0-logoSmallFile","displayName":"BaseComponents","description":"","commitMessage":"","appUris":{"documentUri":{"value":"/8048984133032895574/N4895996b-66dd-4d98-bf8d-6b6d31b95873-document.msapp"},"imageUris":[]},"createdTime":"0001-01-01T00:00:00Z","lastModifiedTime":"0001-01-01T00:00:00Z","sharedGroupsCount":0,"sharedUsersCount":0,"icons":{"smallIconUri":"/8048984133032895574/N73c18945-ada5-430c-a68b-d93c759dd361-small.png","mediumIconUri":"/8048984133032895574/N5a753e0c-8822-4424-9901-14acedbdb801-medium.png","largeIconUri":"/8048984133032895574/N55e07ab1-c626-40de-b986-2adfb980e1ee-large.png","wideIconUri":"/8048984133032895574/N7570efe2-dfd3-4fcd-940b-f94b834485f1-wide.png"},"connectionReferences":{},"databaseReferences":{},"almMode":"Environment","performanceOptimizationEnabled":true,"canConsumeAppPass":true,"executionRestrictions":{"isTeamsOnly":false,"dataLossPreventionEvaluationResult":{"status":"Compliant","lastEvaluationDate":"2022-02-20T20:47:26.2876592Z","violations":[],"violationsByPolicy":[],"violationErrorMessage":"The app uses the following connectors: ."}}},"appType":"ClassicCanvasApp","appComponents":[]}}