{"schemaVersion":"1.0","appDefinitionTemplate":{"id":"/providers/Microsoft.PowerApps/apps/","type":"Microsoft.PowerApps/apps","tags":{"primaryDeviceWidth":"640","primaryDeviceHeight":"1136","sienaVersion":"20220222T000402Z-3.22021.27.0","deviceCapabilities":"","supportsPortrait":"true","supportsLandscape":"false","primaryFormFactor":"Phone","publisherVersion":"3.22021.27","minimumRequiredApiVersion":"2.2.0","hasComponent":"false","hasUnlockedComponent":"false","isUnifiedRootApp":"false"},"properties":{"appVersion":"2022-02-22T00:04:02Z","lifeCycleId":"Published","createdByClientVersion":{"major":3,"minor":22021,"build":27,"revision":0,"majorRevision":0,"minorRevision":0},"minClientVersion":{"major":3,"minor":22021,"build":27,"revision":0,"majorRevision":0,"minorRevision":0},"backgroundColor":"rgba(0, 176, 240, 1)","backgroundImageUri":"/16253043322013535470/N395494bf-6019-4432-a22c-3d3a60e6c042-logoSmallFile","displayName":"Accuweather Custom Connector","description":"","commitMessage":"","appUris":{"documentUri":{"value":"/16253043322013535470/N6d6aba53-2e7c-4944-b791-670e4e4980c8-document.msapp"},"imageUris":[]},"createdTime":"0001-01-01T00:00:00Z","lastModifiedTime":"0001-01-01T00:00:00Z","sharedGroupsCount":0,"sharedUsersCount":0,"icons":{"smallIconUri":"/16253043322013535470/Na6b049f7-8506-4ffd-abb7-892cfebea36f-small.png","mediumIconUri":"/16253043322013535470/N86c3cbc6-396e-4364-9006-b51516da335a-medium.png","largeIconUri":"/16253043322013535470/N7d8b677f-71b0-4622-8db6-886137eec006-large.png","wideIconUri":"/16253043322013535470/N10dd5a7c-053b-4ae8-a622-dee9efc3d746-wide.png"},"connectionReferences":{"c757b9f7-a1e2-4d55-8ef1-8eabd2951bee":{"id":"f256b488-0193-4abb-b3fe-1545292b71ad","displayName":"AccuWeather location","iconUri":"https://az787822.vo.msecnd.net/defaulticons/api-dedicated.png","dataSources":["AccuWeather"],"dependencies":[],"dependents":[],"parameterHints":{},"parameterHintsV2":{},"isOnPremiseConnection":false,"bypassConsent":false,"dataSets":{},"apiTier":"Standard","isCustomApiConnection":true,"actions":["CitySearch"]}},"databaseReferences":{},"almMode":"Environment","performanceOptimizationEnabled":true,"canConsumeAppPass":true,"executionRestrictions":{"isTeamsOnly":false,"dataLossPreventionEvaluationResult":{"status":"Compliant","lastEvaluationDate":"2022-02-21T23:57:53.6856466Z","violations":[],"violationsByPolicy":[],"violationErrorMessage":"The app uses the following connectors: shared_accuweather-20location-5fe03c3f9944f209eb-5fc258dd05fba803c7."}}},"appType":"ClassicCanvasApp","appComponents":[]}}