{"schemaVersion":"1.0","appDefinitionTemplate":{"id":"/providers/Microsoft.PowerApps/apps/","type":"Microsoft.PowerApps/apps","tags":{"primaryDeviceWidth":"1366","primaryDeviceHeight":"768","sienaVersion":"20220305T120329Z-3.22022.23.0","deviceCapabilities":"","supportsPortrait":"true","supportsLandscape":"true","primaryFormFactor":"Tablet","publisherVersion":"3.22022.23","minimumRequiredApiVersion":"2.2.0","hasComponent":"false","hasUnlockedComponent":"false","isUnifiedRootApp":"false"},"properties":{"appVersion":"2022-03-05T12:03:29Z","lifeCycleId":"Published","createdByClientVersion":{"major":3,"minor":22022,"build":23,"revision":0,"majorRevision":0,"minorRevision":0},"minClientVersion":{"major":3,"minor":22022,"build":23,"revision":0,"majorRevision":0,"minorRevision":0},"backgroundColor":"RGBA(0,176,240,1)","backgroundImageUri":"/2916634093461329477/Nc7754a00-9040-47fb-aaa2-eb1d4ae0ea4b-logoSmallFile","displayName":"Power Vault","description":"","commitMessage":"","appUris":{"documentUri":{"value":"/2916634093461329477/N9e1f2896-98f2-4cdc-9819-e2a1e884bb36-document.msapp"},"imageUris":[]},"createdTime":"0001-01-01T00:00:00Z","lastModifiedTime":"0001-01-01T00:00:00Z","sharedGroupsCount":0,"sharedUsersCount":0,"icons":{"smallIconUri":"/2916634093461329477/Nfd8f1fd9-abc5-4102-939b-bac1dfe55b69-small.png","mediumIconUri":"/2916634093461329477/Nc95febbe-4f91-4b8b-8877-be16ebefecfb-medium.png","largeIconUri":"/2916634093461329477/N6a75c553-c283-44b7-b22d-34f722133a8b-large.png","wideIconUri":"/2916634093461329477/N250ecb36-ebf4-407b-86a5-8eb36b1d56b2-wide.png"},"connectionReferences":{"f0fcd4a9-cdc1-4bd7-9836-bc9cbf740245":{"id":"b72bb28e-7286-45be-899d-6cb4602d9b88","displayName":"Azure Key Vault","iconUri":"https://connectoricons-prod.azureedge.net/releases/v1.0.1550/1.0.1550.2686/keyvault/icon.png","dataSources":["AzureKeyVault"],"dependencies":[],"dependents":[],"parameterHints":{},"parameterHintsV2":{},"isOnPremiseConnection":false,"bypassConsent":false,"dataSets":{},"apiTier":"Premium","isCustomApiConnection":false,"actions":["ListSecrets","GetSecret"]}},"databaseReferences":{},"almMode":"Environment","performanceOptimizationEnabled":true,"canConsumeAppPass":true,"executionRestrictions":{"isTeamsOnly":false,"dataLossPreventionEvaluationResult":{"status":"Compliant","lastEvaluationDate":"2022-03-05T11:55:18.5321587Z","violations":[],"violationsByPolicy":[],"violationErrorMessage":"The app uses the following connectors: shared_keyvault."}}},"appType":"ClassicCanvasApp","appComponents":[]}}